129.22.23.1,0.22625292864749733,0.12777737878426834,1,0.0
129.22.1.226,0.6369836411609499,0.20866829790259211,2,0.0
10.2.0.22,0.5587388535031848,0.06034614779441766,3,0.0
10.2.0.18,0.5759580272822665,0.16581752626894733,3,0.0
10.2.3.170,0.28991772151898737,0.08026682141345187,4,0.0
192.5.109.1,0.8667683377308707,0.14513691111293625,5,0.0
199.18.156.65,1.3317111506524317,2.0578952697944457,6,0.0
199.218.39.198,1.8497334525939177,2.4936053555772513,7,0.0
199.218.20.94,2.269236211031175,4.7708590703842315,8,0.0
199.218.39.253,5.518076225045372,2.517430252625999,8.852994555353902,0.3542721209256407
199.218.20.117,7.6735968169761275,0.7201836030607063,9.774535809018568,0.4184429845201029
199.218.38.121,8.30521935483871,4.391528179470159,11,0.0
64.57.29.65,9.850574193548388,3.822340261152956,12,0.0
163.253.1.91,19.43441379310345,16.11688938711021,12.762931034482758,0.42620446537479956
163.253.1.93,20.413015384615385,16.921136320079004,12.784615384615385,0.41188174230787367
163.253.2.22,20.443734015345267,17.125515857971482,13.792838874680307,0.40553137347937557
163.253.1.207,13.46409756097561,5.034255462399215,14.807926829268293,0.39423087839179305
163.253.1.217,13.156884444444444,3.433384706111264,15.87111111111111,0.3358240279934981
72.14.216.92,12.443887931034483,9.288132634685255,17,0.0
209.85.255.172,10.394,0.11857908753233017,19,0.0
108.170.243.225,11.7110625,0.6642972696767613,19,0.0
108.170.244.2,11.02125,0.12606711175666163,20,0.0
108.170.244.15,14.213999999999999,9.838999250431925,20,0.0
142.251.234.29,11.779666666666667,0.5122863782430032,21,0.0
142.251.234.162,10.606,0,22,0
142.251.234.41,10.462,0.18667619023324808,22,0.0
108.170.243.193,10.629,0,23,0
108.170.243.174,12.312833333333334,1.7885792592632475,21,2.1908902300206643
142.251.60.13,10.5915,0.05161879502661825,21.5,3.5355339059327378
142.251.60.15,13.476499999999998,4.121725427536385,21.5,3.5355339059327378
199.218.20.114,8.499809210526315,4.479524454271518,11,0.0
163.253.1.89,21.116251773049644,17.445348821556415,12.819148936170214,0.3855789922100784
142.251.60.206,10.481428571428571,0.15255693706816156,19,0.0
142.251.231.67,10.492833333333333,0.17767095054247517,19.5,0.5477225575051661
108.170.243.254,11.129375,0.19505232814372037,20,0.0
172.217.0.174,10.37657142857143,0.21303666127598564,21.714285714285715,0.9511897312113419
199.218.39.245,3.6951342756183747,1.2783493552643206,8,0.0
199.218.39.249,6.2954507575757575,2.564880626607147,9,0.0
199.218.39.213,5.729271867612293,1.078378669055977,10.375886524822695,0.48492448855952736
12.244.6.5,11.682395547945205,2.836517610939003,11.547945205479452,0.49812260617557613
12.123.35.190,20.052311643835615,14.158070508620456,12.547945205479452,0.49812260617557613
12.122.133.233,20.690383561643834,14.154295463282182,13.547945205479452,0.49812260617557613
12.122.28.77,56.896166666666666,2.547185057727424,14.63888888888889,0.48369340643025116
12.122.28.46,57.07826388888889,4.598534386828768,15.63888888888889,0.48369340643025116
12.122.1.185,57.99426388888889,5.8555612376829504,16.63888888888889,0.48369340643025116
12.122.128.181,59.02825,19.29688831863029,17.63888888888889,0.48369340643025116
12.249.203.14,233.46530555555555,12.965228344228915,18.63888888888889,0.48369340643025116
219.158.96.233,235.90025,13.615625276375177,19,0.0
219.158.4.45,231.8711111111111,14.897650201167293,20.333333333333332,0.48507125007266594
219.158.3.85,249.27004545454545,25.610741543860204,21.272727272727273,0.4558423058385518
219.158.115.78,231.733,10.643135440273214,22,0.0
110.242.66.166,254.42066666666665,17.343155114722723,23,0.0
221.194.45.130,238.4726923076923,12.038874347882468,24,0.0
198.71.47.36,4.013311983471074,3.083624183212499,9,0.0
163.253.1.138,11.538808080808082,3.9794632515937085,9.977777777777778,0.14755466670734785
163.253.1.143,11.273033707865169,2.6339486493641506,10.96629213483146,0.18149869785703643
163.253.1.147,11.965875,4.165739321965722,10.982954545454545,0.12981005103862084
162.252.69.121,10.861,4.675261374155103,12,0.0
162.252.69.119,12.58290909090909,7.03769879543216,12,0.0
31.13.27.99,8.456142857142858,0.12340371222323977,13,0.0
31.13.27.89,8.597666666666667,0.15284741847127553,13,0.0
157.240.38.83,8.788,0,14,0
173.252.67.187,9.266,0,14,0
31.13.66.35,9.6486,3.8507938539037836,15,0.0
199.218.38.125,8.031310160427807,2.983196291338852,9.804812834224599,0.3968756563344157
163.253.1.219,13.03676213592233,2.409224900500878,15.864077669902912,0.3435409213902561
163.253.1.213,13.160130841121495,3.629949409918567,15.700934579439252,0.46000314336555287
104.44.14.193,11.046441176470589,0.8849445519756033,17,0.0
104.44.40.155,12.460853658536585,3.280149490198393,18,0.0
104.44.43.47,15.014363636363637,3.883225654081859,19,0.0
104.44.235.55,12.917333333333334,1.2620874243358366,19,0.0
199.218.20.98,2.2355,4.779966346598205,8,0.0
163.253.1.145,11.53780503144654,2.4287117293491876,10.9937106918239,0.0793051585718144
218.30.54.56,13.204207792207793,4.057090384333233,12,0.0
202.97.49.229,64.05694444444444,1.7316063260895813,13,0.0
202.97.99.153,191.0885,0.6910366608702289,14,0.0
202.97.51.162,206.849,10.025359943662869,15,0.0
202.97.90.30,230.9495,1.9905055890401298,15,0.0
202.97.50.141,203.28300000000002,4.500254733530841,16,0.0
202.97.71.37,221.813375,6.937081064570932,16,0.0
101.95.224.126,205.113,0,17,0
101.95.219.54,193.448,0,17,0
192.5.109.237,0.8385372340425532,0.07056080699097522,6,0.0
192.153.37.49,0.9068351063829787,0.11880073390313904,7,0.0
192.153.37.189,8.798783950617285,5.899027093927955,10,0.0
198.71.45.147,8.647253086419752,0.7285229020279559,11,0.0
163.253.1.215,13.135478260869565,3.495173457402405,15.678260869565218,0.4691879152015395
99.82.179.50,10.898536231884059,2.1292736166818385,16,0.0
52.93.249.131,11.574250000000001,0.8000913787097785,17,0.0
52.95.62.49,10.398,0,18,0
52.95.62.145,10.643,0.4852504507983485,18,0.0
52.93.238.193,10.695,0,20,0
52.93.29.28,22.508,0,26,0
52.93.29.36,21.044,0,26,0
208.115.136.16,12.001416666666668,5.186567922104758,17,0.0
209.191.68.3,57.867,0,18,0
209.191.64.71,61.07966666666667,5.18264530267443,18,0.0
209.191.64.232,68.42,10.28416102557714,19,0.0
209.191.64.234,59.466,0.025455844122716675,19,0.0
66.196.67.127,59.172,0,20,0
66.196.67.115,63.87650000000001,7.752011642148121,20,0.0
98.136.158.151,60.99,0,21,0
67.195.37.121,60.57,0.3955767940615308,21,0.0
98.136.159.242,66.637,0,22,0
98.136.159.246,59.933,1.216223663640861,22,0.0
98.136.158.192,60.60675,0.4190516078002816,23,0.0
98.136.158.193,59.260666666666665,0.7225299071088099,23,0.0
98.137.11.164,59.460499999999996,1.0218623684234593,24,0.0
163.253.2.29,57.346141592920354,3.4924126864718583,14.778761061946902,0.41692996316477005
163.253.1.250,58.82649523809524,5.796421810916908,15.81904761904762,0.38682515382753957
163.253.1.169,58.79020192307692,5.674474882475112,16.826923076923077,0.38014579963067907
163.253.1.114,58.98023076923077,5.826018621267421,17.826923076923077,0.38014579963067907
163.253.1.197,58.18712121212121,2.0915802896753704,19,0.0
206.72.210.49,68.60029166666666,4.519924683793207,20,0.0
63.218.178.58,72.16261111111112,0.30034688550738536,21,0.0
63.218.179.202,62.40805,7.61614836686851,22,0.0
104.244.42.65,63.298833333333334,0.4826975933922489,24,0.0
202.97.17.45,220.5764,0.6452642380002964,14,0.0
202.97.61.221,216.17525,5.554930745142852,16,0.0
202.97.108.114,226.63766666666666,1.4798115871060524,17,0.0
202.97.99.50,225.47750000000002,1.2225876246715501,17,0.0
124.236.1.10,223.950625,2.30412257470945,18,0.0
124.236.1.14,228.185,3.362720072458351,18,0.0
124.236.9.158,226.92642857142857,1.9781134831907297,20,0.0
163.253.1.141,12.694377049180328,9.944923103714668,10.98360655737705,0.12803687993289598
31.13.27.245,8.4315,0.07665108537319543,13,0.0
31.13.27.247,8.4035,0.06880199332660561,13,0.0
173.252.67.105,8.495,0,14,0
173.252.67.171,8.81,0,14,0
31.13.66.174,8.52415,0.29566540032166155,15,0.0
202.97.93.209,71.02015,10.132722979353368,13,0.0
36.110.246.158,213.073,4.7036743084529045,17,0.0
36.110.248.126,206.87,0,17,0
218.30.104.177,208.986,0,18,0
36.110.168.242,211.879,0,19,0
202.97.60.41,71.48335294117648,1.710582230887323,13,0.0
202.97.51.189,200.71085714285715,3.8319111692197674,14,0.0
202.97.50.173,209.28866666666667,7.90550531802575,16,0.0
101.95.218.86,196.7985,2.75135248559685,17,0.0
101.95.218.218,203.97233333333332,10.030197422450534,17,0.0
114.80.58.86,205.71866666666668,4.989034910013485,19,0.0
180.163.217.158,197.45860000000002,5.562471824647739,19,0.0
42.120.241.46,204.677,0,20,0
116.251.106.74,209.89,0,21,0
116.251.106.78,208.57,5.273414453653347,21,0.0
31.13.28.99,8.4906,0.19803995107609554,13,0.0
173.252.67.63,8.411,0,14,0
157.240.38.185,8.33,0,14,0
31.13.66.56,8.6539,0.7440652843456823,15,0.0
104.44.198.123,11.616090909090909,2.9089404037771684,17,0.0
104.44.40.207,13.265428571428572,3.8351946186688104,18,0.0
104.44.237.18,13.887,2.8987527586111157,19,0.0
199.218.20.33,5.376630872483221,1.8011836399201846,10,0.0
199.218.20.30,6.33226582278481,2.1552024286609384,11,0.0
12.122.133.161,15.378627659574468,4.016110010275107,14.72340425531915,0.4485092435904454
213.248.87.253,25.202388157894738,1.9440117394289687,15.776315789473685,0.41809039899978145
62.115.122.194,24.837125,0.9856231317199573,16.776315789473685,0.41809039899978145
80.91.246.163,23.34777777777778,0.47854936220153105,18,0.0
62.115.137.58,23.816029411764706,1.9012049355730105,17.784313725490197,0.41332869906783876
62.115.112.245,91.78469565217391,2.1551982071848896,19,0.0
213.155.136.99,100.90652631578948,0.4896966598961533,20,0.0
62.115.113.238,96.86875,0.36609898479327546,20,0.0
62.115.137.65,98.91916666666667,3.9173445274903784,21,0.0
62.115.136.195,100.98918181818182,0.5577802636440456,21,0.0
213.248.81.75,100.1056,3.7393136353023264,22,0.0
213.248.68.169,99.18516666666666,1.8257664385773162,22,0.0
12.122.133.33,14.601589552238806,7.965623080200937,14.328358208955224,0.4713780693407518
154.54.12.85,12.08424060150376,1.435198260775482,15.323308270676693,0.46950767542135297
80.91.254.90,158.93465384615385,185.6724288688911,18.71794871794872,0.4529108136578383
62.115.139.172,114.13334615384615,0.5874764394706117,19.71794871794872,0.4529108136578383
62.115.115.247,157.0712,30.885676878994968,21,0.0
202.97.49.166,58.026583333333335,0.5557858414129957,13,0.0
202.97.70.129,204.092625,3.0964677483653342,14,0.0
199.218.38.53,6.069543859649123,1.653435675159014,10,0.0
154.54.45.17,12.869340425531915,3.332532019981176,16.51063829787234,0.5052911526399113
154.54.7.130,71.02589583333334,44.795606267845194,17.520833333333332,0.5048523413086471
154.54.47.50,106.03525,11.051019155243793,18.333333333333332,0.4815434123430768
154.54.82.246,108.17738095238096,4.594733784194581,18.333333333333332,0.48304589153964794
154.54.30.186,107.76826315789474,8.218831451423041,19.210526315789473,0.41885390829169555
154.54.42.86,103.54147999999999,1.352987377373985,19.4,0.5
130.117.51.42,108.465,17.531033986191456,20.41176470588235,0.5072996561958923
154.54.56.94,109.07732,19.25023216682507,20.28,0.45825756949558405
154.54.38.206,115.58478571428572,1.9393250681049368,22.428571428571427,0.5135525910130955
154.54.38.210,115.96225,3.0383106288318724,22.333333333333332,0.49236596391733095
154.54.61.230,118.06122222222223,1.1719839778957934,23.22222222222222,0.44095855184409843
154.54.61.222,120.91814285714285,1.6751914744859697,23.571428571428573,0.5345224838248488
154.54.61.242,128.55636363636364,1.5461168954983526,24.181818181818183,0.40451991747794525
154.54.62.254,137.32987500000002,2.129666066211189,25.375,0.5175491695067657
130.117.0.134,136.11155555555555,1.6186812432718987,26.27777777777778,0.4608885989624768
149.11.124.74,137.1434,2.7084069584594497,27.25,0.4442616583193193
93.158.172.21,143.621,0,28,0
5.255.255.60,145.471,0.27294321753800427,29,0.0
198.71.46.0,3.292923076923077,0.8791589127377109,8,0.0
99.82.179.34,8.211666666666666,0.12081997627324141,11,0.0
99.82.179.32,8.7675,0.25950818869546355,11,0.0
52.93.40.231,9.029,0.19091883092036754,14,1.4142135623730951
13.249.39.87,8.2715,0.016263455967290372,19,0.0
202.97.90.137,58.263999999999996,0.8656304061203022,13,0.0
202.97.12.109,206.266,0,15,0
202.97.55.237,212.48075,6.124396752606197,15,0.0
36.110.246.134,218.8625,0.8775195154525153,17,0.0
36.110.245.210,210.17,0,17,0
36.110.246.198,210.022,1.3576450198781624,18,0.0
104.244.42.197,63.859625,2.686691855237592,24,0.0
206.126.236.141,14.90875,0.9317500146195813,12,0.0
85.95.26.14,216.534925,0.4286684444374351,13,0.0
62.216.129.206,211.114925,5.3484767512192954,14,0.0
62.216.128.37,209.41094999999999,1.494717157876795,15,0.0
62.216.128.166,209.293575,2.734333190053979,16,0.0
62.216.145.74,209.353025,1.0355606802287813,17,0.0
218.189.5.56,206.9911304347826,3.9805217714669676,18,0.0
218.189.5.24,216.47129411764706,1.076194787474938,18,0.0
36.51.254.91,216.0791,0.95623537622117,20,0.0
12.122.133.105,15.506773684210525,3.5866323575307915,14.494736842105263,0.5012932314788251
173.241.128.29,27.145032786885245,5.562286597858952,15.486338797814208,0.5011845692930379
141.136.108.189,29.2051,9.846093715206242,16.472727272727273,0.5015405790764927
76.74.101.38,19.950546762589926,13.389115682947404,17.51798561151079,0.5014835669365579
172.70.124.4,14.050357142857143,2.697119934765362,18.547619047619047,0.5037605389507488
172.70.128.4,15.791487179487179,8.633931408819493,18.487179487179485,0.5063696835418333
104.18.156.3,17.993199999999998,11.623391738692758,19,0.0
206.126.237.27,12.699083333333334,7.969969515834633,12,0.0
206.126.237.205,9.083874999999999,1.1419047292634734,12,0.0
52.93.249.105,11.523875,1.2476025508951158,17,0.0
52.93.249.119,11.9135,1.9465819016933246,17,0.0
150.222.212.19,12.272,0,18,0
150.222.212.5,10.184,0.13743725841270257,18,0.0
52.93.28.236,22.741,0,25,0
52.93.28.246,21.8765,1.4531044353383549,25,0.0
104.44.11.7,25.16611111111111,4.909875722572937,19,0.0
104.44.28.222,147.30022222222223,71.59639740024943,20,0.0
104.44.18.215,46.712500000000006,22.15719098848047,20,0.0
104.44.32.63,30.513,0,21,0
104.44.32.83,33.314,0,21,0
142.251.231.246,10.313666666666666,0.0715005827482074,19,0.0
142.251.231.244,12.409333333333334,0.1777901384591766,19,0.0
108.170.243.165,10.9184,0.07795703945122558,20,0.0
108.170.243.175,10.678,0.09616652224137118,20,0.0
142.250.190.99,10.452111111111112,0.15435466015352792,21,0.0
62.217.160.2,143.4328,8.474568876474207,24,0.0
62.115.113.21,93.16625,0.3319287836137508,19,0.0
62.115.133.239,101.6560909090909,0.2565838866902821,20,0.0
62.115.135.25,104.46422222222222,0.33743028086472215,20,0.0
62.115.123.12,112.57844444444444,0.4563099580085622,21,0.0
62.115.124.119,110.6908,0.49557952607696404,22,0.0
62.115.124.117,112.58922222222222,0.46104386390499197,22,0.0
62.115.184.250,112.243,1.3887577182503783,23,0.0
62.115.147.94,111.1845,0.8096372644586042,23,0.0
206.126.236.23,11.180105263157895,6.727532521397279,12,0.0
58.138.81.229,65.85127272727273,8.343106892410152,13,0.0
58.138.88.85,164.5978888888889,2.8299051858871773,14,0.0
58.138.88.89,172.3827,8.100733204812732,14,0.0
58.138.100.18,164.67566666666667,2.937082282356641,15,0.0
210.130.154.162,165.1295,2.8870708339076145,16,0.0
162.252.69.233,10.448117647058824,0.3579054187492186,17,0.0
23.203.151.149,13.6445,2.3931976218321083,18,0.0
23.55.221.137,10.403500000000001,0.07424621202458653,19,0.0
104.17.115.17,11.297583333333334,0.381180572416642,20,0.0
141.136.108.245,26.958875,4.349218408977335,16.525,0.5025252685881778
172.71.252.4,14.348175,5.727338764868384,18.5,0.5063696835418333
104.19.137.100,12.241785714285715,0.4334044440103401,19,0.0
154.54.46.177,12.493977777777777,1.4463864297069453,16.42222222222222,0.49949469416095854
154.54.6.222,74.82447727272728,42.385818538032346,17.40909090909091,0.4973502728147656
154.54.29.174,33.0365,7.693204507566277,18.5,0.511766315719159
154.54.26.130,32.392,5.1629069460269505,18.8125,0.4031128874149275
66.28.4.238,35.923812500000004,5.53392421606645,19.625,0.5
154.54.82.37,97.93682352941177,10.4915457347529,20.529411764705884,0.5144957554275266
154.54.82.33,96.87804761904762,6.5135963144501865,20.714285714285715,0.46291004988627577
130.117.51.138,102.97690909090909,16.997778257493216,21.363636363636363,0.504524979109513
130.117.51.74,98.13888888888889,1.356750017914544,21.22222222222222,0.44095855184409843
149.14.248.74,95.4222,0.33090285583536544,22.4,0.5477225575051661
17.1.148.101,12.73505,1.1296082914467576,9,0.0
17.253.144.10,12.6491,1.0277224640718399,10,0.0
38.32.98.74,12.4997,1.4601870500222334,16,0.0
8.42.121.17,81.219,8.741011650070408,17,0.0
163.253.1.19,57.8177,0.4725097715503108,19,0.0
206.223.123.8,56.7837,4.134510027611622,20,0.0
58.229.4.176,56.09105,1.445772183953868,21,0.0
58.229.4.170,179.55757142857144,0.13802880996716554,22,0.0
110.9.3.15,188.1544,10.350776054641182,24,0.0
110.9.3.19,189.8186,5.099565824656054,24,0.0
10.22.80.29,198.398,0,25,0
10.22.80.17,183.7,0,25,0
10.22.80.218,190.145,6.063689718315066,26,0.0
202.97.12.185,207.8435,1.9070669888601206,15,0.0
202.97.24.141,205.299,0,16,0
202.97.102.2,204.5725,4.4243671298842315,17,0.0
202.97.101.10,218.936,0,17,0
220.191.200.170,235.18849999999998,3.845953782873627,18,0.0
115.236.101.217,228.95366666666666,8.08164675875737,19,0.0
115.236.101.221,211.374,0.26021529547664596,19,0.0
99.82.179.52,11.404473684210526,3.590357051013088,16,0.0
52.93.249.129,11.603250000000001,1.0712550383278752,17,0.0
52.95.62.35,10.5735,0.562243422964348,18,0.0
52.95.62.45,11.678333333333335,1.4607547136098287,18,0.0
150.222.100.62,11.667,0,20,0
150.222.245.243,11.352,0,20,0
52.95.63.126,11.338000000000001,0.5246732316404176,26,0.0
52.93.29.30,20.885,0,26,0
219.158.98.49,227.79165,7.963094758585417,20,0.0
219.158.20.221,227.461,7.172304246929734,21,0.0
219.158.8.113,229.25925,6.944826494555047,22,0.0
124.65.194.74,223.913,0,24,0
202.96.12.94,223.027,0,24,0
221.216.107.170,224.03516666666667,3.4094080082422926,25,0.0
221.216.107.194,224.52,2.7393720083260047,25,0.0
123.125.116.28,226.505,3.898296345841344,27,0.0
202.97.49.158,57.50066666666667,0.30300671059675743,13,0.0
202.97.58.125,215.547,23.01821798489188,14,0.0
36.110.246.142,205.9715,3.1996581848691314,17,0.0
36.110.245.206,208.60566666666668,4.819279441299631,17,0.0
36.110.203.234,202.856,0.21637467504307165,18,0.0
36.110.251.82,201.695,0,18,0
36.110.203.230,211.7844,5.544343315488314,18.8,0.4472135954999579
74.125.251.149,10.475,0.1692716423057591,18,0.0
74.125.251.183,10.333272727272726,0.1978398801602403,18,0.0
142.251.231.251,10.5068,0.09628187783794023,19.2,0.4472135954999579
142.251.60.203,10.565,0,19,0
35.186.224.25,10.37185,0.13454260722126218,20,0.0
219.158.96.33,224.92835,6.6431770876908764,20,0.0
219.158.3.125,216.13049999999998,0.29730708030586955,22,0.0
219.158.19.225,220.82266666666666,3.57645415647026,22.666666666666668,0.5773502691896257
219.158.112.25,223.8735,7.274666429924239,23,0.0
125.33.186.154,224.054,0,24,0
221.216.106.114,221.24675,3.9315344226735043,25,0.0
114.244.87.230,234.17000000000002,15.59831013741095,25,0.0
202.106.43.158,238.29983333333334,28.974595925752034,26,0.0
202.106.43.154,263.533,77.34062111206504,26,0.0
111.206.13.63,222.05816666666666,4.0441755855386265,27,0.0
104.44.40.33,11.663444444444444,0.5428964579941226,18,0.0
104.44.40.205,11.672652173913043,0.9255632981986331,18,0.0
104.44.11.13,29.5521,25.31050192421232,19,0.0
104.44.11.3,93.64775,79.48129320918568,19,0.0
104.44.29.46,27.653222222222222,15.623995325922381,20,0.0
104.44.29.252,21.472,4.942275386904296,20,0.0
104.44.30.5,33.9239,23.611473630184307,21,0.0
104.44.28.118,27.167214285714287,12.463565616372643,21,0.0
104.44.32.33,24.251333333333335,3.055232615257524,22,0.0
104.44.32.43,19.3803,0.3924085314510319,22,0.0
141.101.73.22,14.423,3.1897629293498517,18.565217391304348,0.5068698018697019
104.18.101.40,11.4184375,0.7563718634595905,20,0.0
202.97.66.237,67.6076,2.1374581657956053,13,0.0
202.97.36.217,208.30875,1.7942210412144988,14,0.0
202.97.28.125,210.596,0,15,0
36.110.246.118,221.741,0,17,0
36.110.246.50,209.688,5.480077554195743,17,0.0
206.126.238.91,8.943888888888889,0.7022960569688449,12,0.0
202.97.93.213,60.87113636363637,0.7397020825951959,13,0.0
202.97.52.249,184.344625,4.901008990503896,14,0.0
202.97.24.137,187.966,7.082381520364454,16,0.0
101.95.218.38,194.322,0,17,0
101.95.224.94,193.653,7.066869391746249,17,0.0
101.95.209.222,199.052125,6.485112499024209,18,0.0
101.95.208.86,199.8795,10.076978738689492,18,0.0
101.95.211.122,202.36625,10.153328070966028,19,0.0
101.95.211.118,198.46125,7.850755138838556,19,0.0
116.251.95.209,203.33133333333333,11.482797626594905,21,0.0
116.251.95.229,185.84199999999998,0.17253405460951743,21,0.0
23.207.231.129,14.0033125,4.686795006096028,18,0.0
192.168.224.23,11.216833333333334,0.13342334083205926,19,0.0
192.168.230.147,52.039249999999996,20.34692421268302,20,0.0
192.168.231.21,20.2428,19.559454176944715,20,0.0
192.168.238.155,11.064416666666666,0.11713974430981877,21,0.0
23.220.206.58,11.103583333333333,0.20219857851012493,22,0.0
219.158.17.85,237.7886,19.556025057369006,19,0.0
219.158.103.37,238.9587,18.09816509453069,20,0.0
110.242.66.162,228.164,2.54624684584978,23,0.0
110.242.66.182,230.76325,1.427549035935364,23,0.0
221.194.45.134,248.76222222222222,17.561847822608087,24,0.0
104.44.236.32,11.875333333333334,2.0757848515681965,19,0.0
104.44.233.94,12.1188,0.9365867284987551,19,0.0
154.54.44.161,108.17875,1.8390776220703668,20.5,0.5345224838248488
154.54.58.70,114.14875,9.555613720914701,21,0.0
154.54.77.245,107.2135,0.8430100829764755,21.5,0.5345224838248488
104.44.11.18,38.915,19.361062478224543,19,0.0
172.217.2.35,10.383799999999999,0.13503592114693047,20,1.0
218.30.45.1,19.706444444444443,14.41397947754488,13,0.0
218.30.55.33,75.30894444444445,0.2514584452214762,14,0.0
218.30.55.2,62.7145,0.14127219589619638,15,0.0
218.30.44.70,62.9661,0.8610372878749862,16,0.0
104.192.110.226,62.336055555555554,0.10301254762076466,18,0.0
23.227.38.32,11.878,1.552496206303975,20,0.0
52.93.249.61,14.12042857142857,3.7713674291580617,17,0.0
150.222.212.41,10.6785,0.8223651865199549,18,0.0
52.95.62.83,11.3575,2.328936044634974,18,0.0
52.95.63.114,14.504,0,20,0
52.93.238.181,11.096,0,20,0
150.222.100.138,15.724,0,26,0
15.230.147.31,10.9045,0.13788582233137697,26,0.0
154.54.56.130,100.37028571428571,0.2680719519617278,22,0.0
154.54.63.86,106.84633333333333,0.309918537683696,23,0.0
154.54.63.170,106.60111111111111,0.2613419428853916,23,0.0
149.14.54.50,106.52861538461539,0.2603909043667291,24,0.0
149.6.67.34,106.5334,0.28748356474762227,24,0.0
31.216.144.5,106.21940000000001,0.19543362044438511,25,0.0
163.253.1.95,61.30466666666666,0.5014582069657793,14.333333333333334,0.5773502691896257
163.253.1.97,61.294714285714285,0.5480944913320807,14.142857142857142,0.3779644730092272
163.253.1.245,60.9105625,0.6046142537464136,15.0625,0.25
163.253.1.242,61.44352941176471,0.821181855441218,16.11764705882353,0.3321055820775357
163.253.1.78,61.157000000000004,0.21641857591251232,16,0.0
163.253.1.171,60.89845,0.8072958418794123,17.1,0.3077935056255462
163.253.1.157,61.50305,1.315739994911808,18.1,0.3077935056255462
163.253.1.165,61.572833333333335,0.8064620057179793,19.333333333333332,0.5163977794943222
99.82.179.40,58.7784,0.6121528857691965,20,0.0
99.82.179.38,58.61125,0.12609491889615743,20,0.0
150.222.214.199,58.58433333333333,0.14813507349712995,22,0.0
150.222.214.198,58.58222222222222,0.12475453676898594,22,0.0
52.95.53.159,64.231,0,23,0
52.95.52.165,65.717,0,23,0
108.166.232.47,65.3425,1.1518769465528793,30,0.0
108.166.232.46,65.904,0,30,0
58.138.81.237,74.758,10.959721698760681,13,0.0
58.138.101.34,165.0382,3.0765598807759234,15,0.0
58.138.101.38,166.652,3.921870013144246,15,0.0
202.232.9.170,166.83094444444444,6.647441130613142,16,0.0
163.139.130.218,179.878625,2.7519937156022545,17,0.0
163.139.130.222,179.249,2.7616412591870882,17,0.0
222.230.187.198,179.20627777777779,3.3636101894446577,18,0.0
158.205.95.58,185.19,2.2029839990340325,21,0.0
52.93.249.155,10.871777777777778,0.5210162612092301,17,0.0
150.222.212.61,10.92,0.6759940828143391,18,0.0
150.222.212.33,10.167,0.0947523086789976,18,0.0
52.93.28.94,28.971799999999998,10.763803356620745,25.6,0.5477225575051661
52.93.28.80,19.939,0,25,0
202.97.49.133,63.89033333333333,0.4714982377859904,13,0.0
202.97.89.134,194.08025,2.9246730081404744,14,0.0
202.97.57.26,194.5705,3.828991207441803,16,0.0
101.95.218.242,226.8184,4.764427699105116,17,0.0
101.95.218.202,224.588,0,17,0
101.95.209.126,196.239,2.5611407614576853,18,0.0
180.163.53.74,196.33033333333333,5.229280243653674,19,0.0
180.163.38.86,243.6305,9.987883284259985,19,0.0
116.251.113.218,197.676,0,20,0
42.120.243.109,208.215,2.278298048983042,21,0.0
116.251.117.177,199.112,4.486696669042833,21,0.0
104.44.235.53,12.945227272727273,2.0519849607686647,19,0.0
154.54.31.226,107.9545,0.3028714956167778,18.25,0.4629100498862757
130.117.51.14,107.69728571428571,1.6530494764006827,21.142857142857142,0.3779644730092272
104.18.63.130,11.3835,0.4507784008431048,20,0.0
202.97.27.241,225.1978,10.698112718294443,14,0.0
202.97.94.117,231.669,0,15,0
202.97.82.21,214.841,0,16,0
202.97.94.133,219.471,0,16,0
202.97.75.146,231.63575,3.581706983641553,17,0.0
123.161.56.74,235.113,0,18,0
123.161.63.42,230.326,0,18,0
36.99.170.84,225.1718,4.1984668842064,22,0.0
202.97.49.129,68.09604166666666,2.279552043697956,13,0.0
202.97.42.165,190.39005555555556,0.5289447288174727,14,0.0
202.97.85.21,221.455,0,15,0
202.97.12.189,199.20974999999999,6.079173264789658,15,0.0
202.97.83.2,224.06825,5.245155693590029,16,0.0
202.97.66.253,204.20285714285714,5.879663069387888,16,0.0
202.97.72.126,195.087,0,17,0
61.147.249.202,204.119,0,18,0
61.147.249.86,212.281,0,18,0
121.226.195.186,216.158,0,19,0
180.101.45.119,204.00537500000002,1.3498243280763127,23.75,1.4375905768565218
206.72.210.63,56.09155555555556,1.4385029891081926,20,0.0
203.208.171.117,85.56981818181818,62.15836094817524,21,0.0
203.208.172.145,232.42166666666665,0.1614542246789007,22,0.0
203.208.173.73,237.596,0,22,0
203.208.147.126,236.564,3.632529024125083,24.4,1.505545305418162
203.208.182.253,235.881,12.626475947672127,23,0.0
203.208.171.145,235.1521111111111,4.030801976674541,23.5,1.4245742398014511
52.93.249.117,11.829571428571429,0.830864982441563,17,0.0
52.93.249.167,11.502125,0.9710004321758638,17,0.0
150.222.212.25,13.132666666666667,4.024669717297724,18,0.0
52.95.62.61,13.625,0,18,0
150.222.100.72,11.358,0,20,0
15.230.147.11,10.919,0,20,0
15.230.147.61,11.718666666666666,0.4012110832633285,24,3.4641016151377544
74.125.251.147,11.676555555555556,0.5258964040357929,18,0.0
142.251.60.21,10.4235,0.16192745289172006,19.5,0.7071067811865476
35.190.81.132,10.341555555555555,0.1508903857001234,20,0.0
208.115.136.59,13.208111111111112,3.7026976464614436,17,0.0
192.229.227.143,15.28,7.081372148108021,18,0.0
192.229.227.141,12.624583333333334,4.604827930026432,18,0.0
152.195.19.93,10.222805555555556,0.11065695238488679,19.5,0.50709255283711
163.253.2.144,10.2715,0.761004796305516,9,0.0
163.253.2.146,9.933,0.72690577105977,9,0.0
163.253.1.122,10.709642857142857,0.7072725083720567,10,0.0
206.196.177.2,8.786666666666667,1.6615466572196058,11,0.0
206.196.178.79,10.340333333333334,1.9993488940152493,12,0.0
206.196.177.183,10.205333333333334,0.1682627497135848,13,0.0
104.16.53.48,11.433125,0.462027654552656,20,0.0
202.97.49.110,69.07433333333333,3.5445579557187754,13,0.0
36.110.245.190,207.2015,5.023993680330413,17,0.0
36.110.244.22,211.98000000000002,5.989194436650057,17,0.0
4.68.37.85,31.127833333333335,8.338304816081164,15.555555555555555,0.5113099925649136
66.198.155.18,26.602249999999998,0.38691075013680953,17,0.0
62.115.141.23,134.64578571428572,1.4090855833904077,20.5,0.5188745216627708
202.97.12.133,208.605,0,15,0
36.110.246.2,213.50633333333334,0.9519644601209309,17,0.0
210.25.189.133,58.640055555555556,3.920639675782545,18,0.0
210.25.187.42,210.63822222222223,1.6513988564264341,20,0.0
210.25.187.49,210.26625,0.6898607105785923,21,0.0
101.4.118.213,211.85083333333333,3.567205220930707,23,0.0
219.224.103.38,210.31688888888888,0.3847448182411321,24,0.0
172.70.176.4,13.897619047619047,4.973948218038252,18.357142857142858,0.4849656045851726
162.159.136.232,12.051,0.3408254685319154,19,0.0
64.125.24.85,30.039375,0.6621792889499679,20,0.0
202.97.52.177,195.81633333333332,0.35019339194893906,14,0.0
202.97.50.194,193.50549999999998,10.195772677928836,15,0.0
202.97.101.30,191.531,0,17,0
202.97.29.106,193.995,0,17,0
162.159.130.67,12.0912,0.598579206677501,19,0.0
142.251.60.214,10.322,0.13813399291991854,19,0.0
108.170.243.233,22.0505,17.735380941577127,20,0.0
142.250.191.206,12.661000000000001,3.6005877298019002,20,1.4142135623730951
216.239.63.175,11.022333333333334,0.4111329874059405,21,0.0
142.251.60.18,10.476,0,19,0
216.239.51.144,10.474571428571428,0.19326308247469048,19,0.0
142.251.60.11,10.507249999999999,0.15903327744007945,20.75,2.217355782608345
142.251.234.158,11.349,0,22,0
142.251.233.233,13.456,3.6741268350452994,22,0.0
142.251.60.9,10.775,0.2446589462905455,22,2.8284271247461903
142.250.191.174,10.453666666666667,0.15126092247063272,22.5,1.9748417658131499
110.242.66.174,238.606,7.373709514213315,23,0.0
157.240.38.231,8.428,0,14,0
173.252.67.125,9.9435,2.2111229047703334,14,0.0
202.97.66.233,64.0744,0.8727756743733059,13,0.0
202.97.99.217,215.8775,0.13788582233137195,14,0.0
202.97.94.101,219.689,0,15,0
202.97.71.249,218.128,0,16,0
119.147.220.130,225.745,6.450228057983697,17,0.0
183.2.180.154,220.398,0,18,0
183.2.180.158,225.072,0,18,0
183.2.184.238,224.85,0,19,0
52.95.62.79,16.851,8.285877261943964,18,0.0
52.95.62.127,14.825000000000001,5.260874452027915,18,0.0
52.93.238.165,11.312,0,20,0
52.95.63.94,10.691500000000001,0.2411234123846122,26,0.0
52.93.28.216,22.124,0,26,0
209.191.64.77,22.837,0.11194641575325334,18,0.0
209.191.64.59,23.913,0,18,0
209.191.64.181,24.1735,1.7614029919356895,19,0.0
74.6.227.143,22.88,0,19,0
74.6.227.129,24.6265,3.0228814895724896,19.5,0.7071067811865476
74.6.122.61,25.259666666666664,3.3461048001121148,20.666666666666668,0.5773502691896257
74.6.122.65,27.78333333333333,7.38553520967393,21,0.0
74.6.123.240,22.689,0,22,0
74.6.98.138,22.8575,0.06327980193816447,22.5,0.5773502691896257
74.6.98.139,24.146,0.30475498355236147,22.666666666666668,0.5163977794943222
63.223.60.106,75.157,7.299620298344292,21,0.0
63.223.60.58,71.84423076923078,0.9803699262562556,21,0.0
104.244.42.1,63.246,0.6697498466911808,24,0.0
202.97.22.146,254.115,24.327301699941977,17,0.0
124.236.9.170,226.31366666666668,5.852265999878456,20,0.0
173.252.67.53,8.472,0,14,0
173.252.67.157,8.475000000000001,0.2022325394193523,14,0.0
202.97.83.29,71.09370833333334,0.6321407712765775,13,0.0
202.97.58.249,244.55166666666668,3.9674896177137855,14,0.0
202.97.71.253,227.069,12.416289824259096,16,0.0
113.96.4.186,241.341,0,17,0
121.14.60.42,258.562,17.58230585939549,19,0.0
202.97.71.29,210.35028571428572,5.60825955516461,16,0.0
202.97.57.158,194.93857142857144,5.886453512292523,16,0.0
220.191.200.106,202.668,0,18,0
220.191.200.204,199.195,0,18,0
115.238.21.13,209.613,0,19,0
173.252.67.117,8.291,0,14,0
173.252.67.69,8.417,0.012727922061358338,14,0.0
104.44.237.16,12.338625,1.8737745662165446,19,0.0
202.97.6.1,195.38066666666666,5.08003743617517,14,0.0
154.54.62.250,139.06335714285714,5.499131142660249,25.285714285714285,0.4688072309384954
77.88.55.77,149.755,0,30,0
52.46.165.137,8.48,0.10182337649086293,14,1.4142135623730951
52.85.132.53,8.138,0,19,0
202.97.14.253,206.582,2.1142492757477833,15,0.0
202.97.61.157,209.978,1.6546298679765237,16,0.0
36.110.246.26,210.79175,5.705515073155094,17,0.0
36.110.248.130,213.83625,3.652879720165998,17,0.0
36.110.251.93,212.186,0,18,0
104.244.42.69,63.284,0.03818376618407501,24,0.0
104.18.155.3,12.0771,0.4385593713765814,19,0.0
52.93.249.107,13.242,4.966036118200584,17,0.0
52.93.28.240,20.71,0,25,0
104.44.11.22,156.49099999999999,92.26573069491546,19,0.0
104.44.28.249,129.2435,71.69598289404266,21,0.0
104.44.28.255,133.89425,83.56874359621546,21,0.0
104.44.28.169,199.566,6.74224181312615,22,0.0
104.44.7.197,196.0222,0.18415536918591163,23,0.0
104.44.11.92,196.03766666666667,0.15705200837089542,24,0.0
74.125.251.46,12.431000000000001,0.0028284271247458787,19,0.0
216.239.51.116,12.445,0,19,0
142.251.60.209,10.837,0,20,0
142.250.190.131,10.299,0.07804699439013274,20.75,0.5
62.115.122.139,111.15266666666666,1.4908425358389317,21,0.0
62.115.145.38,112.65025,1.5172803245720032,23,0.0
58.138.81.241,72.3495,0.5470863081556976,13,0.0
58.138.81.233,59.41675,0.12151371664685799,13,0.0
58.138.84.221,187.185,0,14,0
58.138.88.117,166.411,0.11577564510724353,14,0.0
58.138.81.74,181.0685,6.714563897479376,15,0.0
58.138.81.66,181.343,8.957628704071189,15,0.0
210.138.106.238,179.896125,5.23320913391446,16,0.0
210.130.135.130,178.02625,8.770140910118451,16,0.0
23.203.151.175,14.5425,7.041162139716552,18,0.0
192.168.225.53,11.268,1.3531266016156802,19,0.0
192.168.233.23,10.32,0.02687005768508899,20,0.0
192.168.241.19,17.905,12.967770394327623,20,0.0
192.168.247.145,10.290166666666666,0.14043563175585677,21,0.0
23.48.99.78,18.790333333333333,12.8784502121438,22,0.0
104.17.114.17,11.38975,0.3121417947023435,20,0.0
154.54.0.222,33.500136363636365,0.5779718476794146,19.636363636363637,0.49236596391733095
149.11.45.82,95.471,0.32526911934580743,22,0.0
149.11.161.178,95.05737500000001,0.6171827554067175,22.25,0.4629100498862757
8.42.121.118,65.7344,2.128617814451435,17,0.0
58.229.4.186,200.60284615384614,0.19420858466858282,22,0.0
10.22.69.74,191.823,0,25,0
10.22.67.138,189.53,7.271886137722449,25,0.0
10.118.2.66,191.7695,0.11950104602053441,26,0.0
10.118.2.26,191.933,0,26,0
202.97.24.209,203.876,10.541547893929062,16,0.0
101.95.218.58,203.946,0,17,0
101.95.218.206,205.191,0,17,0
140.205.50.238,244.226,0,20,0
116.251.106.190,199.68099999999998,4.380240480460716,21,0.0
116.251.106.70,244.051,5.30513798124045,21,0.0
52.95.62.111,10.399,0,18,0
52.95.62.95,10.7078,0.9136803051396044,18,0.0
52.93.29.10,23.858,0,26,0
52.93.238.167,11.6995,0.43345645686735335,23,4.242640687119285
219.158.8.85,226.425875,2.0481865454591803,23,0.0
61.149.203.50,229.907,0,24,0
125.33.186.122,230.184,0,24,0
221.216.106.110,221.2535,2.856726850785694,25,0.0
36.110.248.118,208.14,0,17,0
218.30.104.78,211.145,0,18,0
209.85.240.245,11.650375,0.5809501914966548,18,0.0
216.239.47.129,11.234,0,19,0
142.251.231.69,10.424333333333333,0.06625204399362562,19.333333333333332,0.5773502691896257
219.158.15.37,238.55450000000002,37.955429664278604,23,0.0
124.65.194.170,213.391,0,24,0
221.216.107.162,217.318,0.749924662882884,25,0.0
104.44.29.44,38.1143,32.8415374929372,20,0.0
104.44.30.7,34.024,39.821031697189504,21,0.0
202.97.34.157,209.3685,0.11384419177103512,16,0.0
36.110.246.178,212.74066666666667,1.0610378566918908,17,0.0
36.110.246.10,210.531,4.945504827618714,17,0.0
36.110.249.2,214.836,0,18,0
202.97.57.146,195.9192,4.738346515399656,16,0.0
202.97.101.206,207.434,0,17,0
202.97.102.58,222.771,0,17,0
115.238.21.9,242.015,3.9434102838363962,19,0.0
115.238.21.125,205.41866666666667,3.9464299478558167,19,0.0
140.205.26.101,237.932,0,22,0
116.251.106.226,209.5725,2.3652721830690004,22,0.0
192.168.229.23,11.3325,0.014849242404918061,20,0.0
219.158.106.162,221.636,0,22,0
110.242.66.190,234.46433333333334,7.3272707970521465,23,0.0
154.54.41.206,116.53637499999999,14.21173570315845,19.625,0.5175491695067657
130.117.50.250,116.5165,19.62439522210387,21,0.0
104.44.11.249,27.2604,17.863858396214408,19,0.0
104.44.29.250,23.949636363636362,13.359911902948514,20,0.0
142.251.60.8,12.781,0,19,0
142.251.60.12,12.602,0.45208295698909085,19,0.0
142.251.60.23,10.4785,0.021920310216783385,19.5,0.7071067811865476
142.251.32.3,10.376999999999999,0.14507756546068695,20,0.7071067811865476
142.251.233.221,10.74,0.04666904755831139,21,0.0
218.30.55.17,62.646125,0.1105950625351012,15,0.0
218.30.44.66,64.098,4.6347589550513355,16,0.0
150.222.212.59,10.597999999999999,0.41533239700269026,18,0.0
52.93.29.200,21.814,0,24,0
52.93.29.58,22.25466666666667,0.6485463231977598,24,0.0
31.216.145.5,106.37066666666666,0.4767305954163821,25,0.0
163.253.1.159,61.4724,1.0344715075824937,19,0.0
52.95.52.91,63.377,0,23,0
52.95.52.25,61.654666666666664,4.339733901212533,23,0.0
58.138.88.93,176.641,7.994139134390888,14,0.0
58.138.101.30,163.72366666666667,3.2288345162509238,15,0.0
58.138.101.26,166.6095,2.6610382059138633,15,0.0
158.205.95.54,181.03238461538461,3.8003415315482183,21,0.0
52.93.249.49,11.09275,0.1040620808299869,17,0.0
52.95.62.93,11.411999999999999,2.1425335469952387,18,0.0
150.222.212.63,10.103,0.009899494936611204,18,0.0
52.93.28.108,32.166,0,25,0
202.97.57.18,214.417,8.695999195032163,16,0.0
101.95.218.62,197.062,1.658872508663643,17,0.0
101.95.218.74,202.00633333333334,9.9127486769984,17,0.0
101.95.208.14,208.19475,10.272070949099481,18,0.0
101.95.208.38,207.64,0,18,0
180.163.38.82,207.5196,7.860549777210247,19,0.0
140.205.58.9,203.7314,3.5860906011979132,21,0.0
116.251.106.194,213.279,0,21,0
154.54.42.90,110.54825,1.9836082232470542,19.25,0.5
154.54.44.165,107.83916666666667,2.8053847805010026,20.333333333333332,0.5163977794943222
154.54.56.154,110.651,10.192931744868867,21.2,0.4216370213557839
104.18.63.126,11.581875,0.45181678888049903,20,0.0
202.97.12.141,215.329,0,15,0
36.110.246.138,214.41925,3.618223447586765,17,0.0
36.110.249.78,212.261,1.3986572131869972,18,0.0
36.110.213.10,213.843,1.3182092019099225,22,0.0
202.97.85.50,198.96525,6.419259218684564,16,0.0
203.208.158.17,245.649,18.307260062609036,23,0.0
52.93.249.143,11.18875,0.583146968065201,17,0.0
52.95.62.63,10.429,0.5636195525352191,18,0.0
142.251.60.3,10.393,0,19,0
209.85.255.173,11.119,0,19,0
104.16.54.48,14.1539,5.608643754658221,20,0.0
36.110.248.146,206.926,0,17,0
36.110.245.161,215.6415,5.009851544706694,18,0.0
4.14.99.138,25.6741,0.21796403882801904,18,0.0
36.110.245.182,216.375,0,17,0
162.159.137.232,12.718333333333334,1.2833934185068372,19,0.0
64.125.27.107,31.9256,0.46632682864179104,20,0.0
64.124.194.66,42.4869,0.16269156230254941,21,0.0
202.97.83.14,197.7476,9.877084605287127,16,0.0
202.97.66.50,198.055,0,17,0
202.97.72.194,203.442,0,17,0
162.159.129.67,11.89,0.32900542765822477,19,0.0
142.251.233.223,10.921,0.2503158005400385,21,0.0
216.239.63.33,11.326,0,21,0
213.155.130.177,43.850500000000004,0.4074010445631074,17.2,0.4216370213557839
62.115.121.176,72.19025,2.266329237839398,18.25,0.7071067811865476
62.115.171.215,83.44500000000001,4.844288306862009,19.181818181818183,0.6030226891555273
223.120.6.69,81.3033076923077,0.8204841441302998,20.307692307692307,0.7510676161988108
223.120.13.73,250.4124,0.8352345778282915,21,0.0
221.183.89.174,248.53157142857143,4.736581744153438,22.857142857142858,1.0690449676496976
221.183.89.69,247.5045,4.07609027132618,23.5,1.224744871391589
221.183.89.10,249.68066666666667,3.4874842413025,25,1.7320508075688772
221.183.37.217,272.30233333333337,4.081963285805835,25.333333333333332,0.816496580927726
221.183.53.178,278.988,2.463560025653958,27,1.4142135623730951
221.183.89.46,254.0934,1.399463218523437,25.6,0.8944271909999159
111.13.0.174,273.15325,2.7407398484107754,27.5,1.0
39.156.27.1,274.63933333333335,4.225096480160748,27.333333333333332,0.5163977794943222
221.183.49.134,279.887,0,28,0
111.13.188.38,278.7475,2.880045919772793,29.5,0.7071067811865476
31.13.27.215,12.476555555555555,9.715713819775559,13,0.0
31.13.27.97,8.4115,0.05545268253204682,13,0.0
173.252.67.169,8.353,0,14,0
157.240.38.241,8.618,0,14,0
202.97.94.93,216.13,0,15,0
202.97.82.57,219.617,0,16,0
202.97.94.129,236.14749999999998,3.433003422660681,16,0.0
119.147.220.134,235.002,0,17,0
183.2.180.142,243.24099999999999,24.75580840934102,18,0.0
183.2.184.2,225.815,0,19,0
52.95.62.131,11.341000000000001,1.879489824393843,18,0.0
15.230.147.57,14.167,4.981199955833936,24,3.4641016151377544
54.239.43.215,10.671,0,20,0
52.93.28.204,20.375,0,26,0
15.230.147.29,11.182,0,26,0
208.115.136.17,11.678125,2.1329670439822284,17,0.0
209.191.68.1,56.63475,0.238814258368297,18,0.0
209.191.64.79,63.441,7.646652731751325,18,0.0
209.191.64.238,62.3365,0.38254476862192,19,0.0
66.196.67.97,61.95,0,20,0
66.196.67.103,62.281000000000006,2.0760655095637035,20,0.0
67.195.37.119,61.225,0,21,0
98.136.158.211,64.24799999999999,4.005052808640606,21,0.0
98.136.159.241,63.166,0,22,0
98.136.159.243,58.707499999999996,0.019091883092032483,22,0.0
202.97.14.249,217.092,0,15,0
202.97.55.225,218.05399999999997,1.5867476169826125,15,0.0
202.97.108.122,228.158,0,17,0
202.97.99.34,222.8265,3.044094693008092,17,0.0
31.13.28.31,8.459999999999999,0.06886399639869877,13,0.0
173.252.67.55,8.617,0,14,0
157.240.38.143,11.1545,0.43345645686735335,14,0.0
202.97.50.165,213.311,0,16,0
101.95.224.114,208.4995,2.950756597891464,17,0.0
101.95.209.246,206.472,0,18,0
101.95.211.114,228.39825,7.403723359454579,19,0.0
180.163.38.26,202.51579999999998,7.629456841741751,19,0.0
116.251.95.21,216.153,0,21,0
101.95.218.46,201.195,9.40027754909397,17,0.0
101.95.218.250,193.4065,1.9141380566719797,17,0.0
101.95.208.90,211.743,2.264155913359324,18,0.0
180.163.217.162,199.54244444444444,6.084143142446413,19,0.0
116.251.88.106,224.149,0,20,0
140.205.58.13,227.05166666666668,6.593341287490982,21,0.0
140.205.58.5,202.1135,6.470734154638083,21,0.0
173.252.67.107,8.373,0,14,0
157.240.38.71,8.5545,0.06293250352560302,14,0.0
202.97.12.181,196.944,0,15,0
154.54.31.234,106.52133333333333,0.16596786837618108,19,0.0
5.255.255.5,142.142,0,29,0
52.93.40.229,8.199,0,13,0
219.158.101.197,275.6162,18.502929557234992,20,0.0
219.158.4.37,276.3556,14.794810434743662,21,0.0
219.158.7.21,232.27457142857142,16.469744198146522,22.714285714285715,0.4879500364742666
125.33.186.86,262.73,0,24,0
221.219.202.74,239.142,0,25,0
221.219.202.10,229.167,0,25,0
150.222.212.3,12.762,4.465068756469491,18,0.0
150.222.212.23,10.282,0,18,0
52.93.28.252,20.164,0,25,0
52.93.28.254,21.664,0,25,0
104.44.28.149,196.5885,1.1052078989945855,22,0.0
104.44.7.199,196.049,0,23,0
104.44.11.108,199.56633333333335,6.652553219128215,24,0.0
142.251.60.202,15.130666666666666,7.94876659195207,19,0.0
142.251.60.207,11.0612,0.7518122771011394,20,0.0
80.239.133.107,112.85499999999999,0.16970562748476778,23,0.0
58.138.88.81,167.027,7.756961389616426,14,0.0
58.138.102.102,168.086,0,15,0
203.141.47.146,165.344,4.839438810440727,17,0.0
203.141.47.114,164.572,3.985253818767379,18,0.0
8.42.121.116,73.72966666666667,8.379052293268812,17,0.0
10.22.69.58,191.961,0.21920310216783134,25,0.0
10.22.67.98,197.255,7.465633395767564,25,0.0
10.118.1.62,192.127,0,26,0
10.118.1.134,187.4025,0.30193459556667057,26,0.0
202.97.83.34,198.493,10.10446928838917,16,0.0
202.97.24.205,207.2755,9.531092303613462,16,0.0
42.120.243.121,209.179,0,21,0
52.93.249.141,11.007,0.36315377826296447,17,0.0
150.222.212.55,10.34,0,18,0
150.222.212.53,13.793,4.164858941188764,18,0.0
150.222.100.108,17.35,0,20,0
150.222.249.7,10.3885,0.07283199846221422,20,0.0
150.222.100.56,11.5795,0.084145706961199,26,0.0
150.222.100.88,12.821000000000002,2.839740833245175,23,4.242640687119285
125.33.186.30,222.04,0,24,0
62.115.134.26,96.6914,0.17982713921986518,20,0.0
202.97.27.213,225.3116,0.4520084070014654,14,0.0
101.95.219.50,208.598,0,17,0
101.95.219.82,209.494,0,17,0
101.226.210.66,203.176,0,19,0
219.158.103.33,226.56885714285715,7.386547781735935,21,0.0
219.158.103.41,217.02833333333334,0.2839814547935633,22,0.0
219.158.7.225,224.94075,8.439650836971872,22.75,0.5
61.49.214.34,225.1535,5.213498297688408,24,0.0
221.216.107.126,223.30259999999998,3.1868764174344713,25,0.0
111.206.13.64,217.87407142857143,3.9776089544480757,27,0.0
104.44.32.41,22.3045,8.042558869331742,22,0.0
202.97.58.121,209.182,0,15,0
202.97.61.165,216.053,0.39739401102684807,16,0.0
36.110.245.54,212.1725,3.6012948365830786,17,0.0
36.110.246.122,214.78833333333333,1.6168788864146064,17,0.0
202.97.71.25,198.26875,9.676570376429863,16,0.0
101.95.218.42,183.223,0.3775950211536307,17,0.0
180.163.38.90,197.61499999999998,7.774269837097245,19,0.0
101.95.211.126,203.42066666666668,9.597573460689588,19,0.0
116.251.95.221,185.656,0,21,0
202.97.43.121,227.06625,9.94450311730054,14,0.0
202.97.65.90,215.953,4.840853024003107,15,0.0
202.97.72.118,241.75266666666667,3.877185362261306,17,0.0
27.129.17.90,256.692,0,18,0
27.129.17.234,248.35466666666667,6.533872460748924,19,0.0
27.129.17.230,254.935,0,19,0
222.222.85.102,249.90366666666668,9.569875147217616,20,0.0
222.222.85.106,242.854,0,20,0
104.44.11.8,19.3625,0.09592184318495994,19,0.0
104.44.28.120,22.363714285714284,0.3039768161585755,21,0.0
150.222.212.47,11.578,0,18,0
150.222.212.15,10.264,0,18,0
52.93.29.60,21.722,2.0223253941935257,24,0.0
154.54.57.70,100.28881818181819,0.2814188402299401,22,0.0
163.253.1.99,60.60066666666666,0.9170203560081597,14,0.0
163.253.1.52,61.5895,0.45749808742769515,15,0.0
52.95.52.161,66.751,0,23,0
52.93.249.63,12.17975,3.0736501218304872,17,0.0
150.222.212.11,10.634,0,18,0
52.93.28.88,37.007999999999996,25.059303721372622,25,0.0
52.93.28.92,25.16425,4.411677487079036,25,0.0
101.95.218.222,208.37833333333333,6.542699544785267,17,0.0
101.95.218.78,211.692,7.332697320904501,17,0.0
101.95.209.74,204.18833333333333,1.7765906487802268,18,0.0
202.97.59.105,210.353,0,14,0
202.97.81.237,218.347,4.1761726496877545,15,0.0
202.97.12.53,210.161,1.1865251788310247,15,0.0
36.110.245.222,219.281,2.7322606025048226,17,0.0
36.110.246.238,220.53,0,18,0
36.110.246.234,226.008,0,18,0
202.97.83.90,197.61333333333334,3.93128176722724,16,0.0
202.97.72.90,192.843,0,17,0
202.97.19.250,202.967,0,17,0
61.147.245.78,217.704,1.0776307345282992,18,0.0
203.208.158.185,235.01080000000002,0.4977847928573102,24,0.0
150.222.212.7,10.908,0,18,0
15.230.147.53,11.933,0,26,0
216.239.51.145,11.351,0,19,0
142.251.60.201,10.56925,0.12825333004123757,19,0.0
162.252.69.187,11.02,0.14176271253988731,17,0.0
163.253.2.142,10.260714285714286,1.014656216703588,9,0.0
163.253.1.2,10.796,0.3549676041556473,10,0.0
202.97.59.109,218.29575,2.5130454797582376,14,0.0
36.110.246.154,213.94549999999998,0.8817621561396146,17,0.0
202.97.92.169,74.40358333333333,2.415704168309497,13,0.0
202.97.12.57,215.4995,2.2988041456374693,15,0.0
202.97.81.141,214.894,0,15,0
36.110.248.138,221.219,0,17,0
36.110.249.66,216.932,0,18,0
162.159.138.232,40.227000000000004,0.2913279938488569,19,0.0
202.97.39.58,200.391,0,15,0
202.97.71.33,192.2125,6.389410544017344,16,0.0
142.251.61.40,10.476,0,19,0
142.251.234.67,10.923,0.1484924240491756,21,0.0
110.242.66.186,231.05833333333334,2.184241821166634,23,0.0
157.240.38.89,8.546,0,14,0
173.252.67.15,8.69,0,14,0
63.223.29.170,235.327875,5.88638075651875,21,0.0
63.218.205.158,240.291,5.23146418319002,22,0.0
150.222.212.49,10.708,0,18,0
52.95.62.67,12.068333333333333,1.720112011856592,18,0.0
150.222.249.19,13.2145,3.5560400025871477,20,0.0
150.222.249.29,10.385,0.3394112549695431,20,0.0
52.95.63.110,11.38,0,26,0
209.191.64.65,22.1875,0.23829498525986884,18,0.0
209.191.64.171,22.753,0,19,0
72.30.223.29,26.142,4.562252952215603,19,0.0
74.6.227.141,22.417,0,20,0
74.6.227.131,28.543999999999997,6.3936595154887605,20,0.0
74.6.123.239,23.172,0,21,0
74.6.123.238,22.639000000000003,0.18667619023324808,22,0.0
74.6.123.241,25.424,0,22,0
202.97.58.85,218.986,0,15,0
124.236.9.166,229.82625000000002,17.72234292966555,20,0.0
157.240.38.225,8.595,0,14,0
202.97.61.5,214.433,0,16,0
101.95.218.230,240.2625,49.96345805186026,17,0.0
101.95.218.70,208.879,0,17,0
140.205.50.254,233.059,0,20,0
116.251.114.246,206.949,0,21,0
116.251.107.10,206.863,0,21,0
202.97.33.133,193.679,0,15,0
202.97.24.229,201.839,0,16,0
101.95.224.98,197.4875,2.567504722488354,17,0.0
114.80.58.82,196.912,0,19,0
116.251.88.134,237.302,0,20,0
173.252.67.73,8.433,0.12586500705120604,14,0.0
154.54.61.238,127.76350000000001,2.0582780597938157,24.375,0.5175491695067657
15.230.192.22,10.377142857142857,0.24401395354325423,22,0.0
15.230.192.23,10.2072,0.1876025053137618,22,0.0
219.158.7.17,234.69275,37.613997389048315,23,0.0
202.96.12.186,291.458,0,24,0
221.219.202.46,285.899,0,25,0
221.219.202.2,252.53300000000002,39.48342844789444,24.5,0.7071067811865476
104.244.42.133,63.416125,0.4974053930145911,24,0.0
52.93.28.192,22.532,0,25,0
52.93.28.172,22.927666666666667,0.47986907936783374,25,0.0
104.44.11.252,36.253166666666665,19.924150947196388,19,0.0
108.170.230.234,10.3665,0.24139110726509128,19,0.0
142.251.60.211,10.395,0.10025467570143617,19.666666666666668,0.5773502691896257
62.115.146.226,110.732,0.44406305858515194,23,0.0
58.138.100.22,168.34550000000002,0.6724585489084021,15,0.0
58.138.102.110,168.746,0.07636753236815003,15,0.0
192.168.225.35,10.33925,0.12778725810241578,19,0.0
192.168.240.19,10.556000000000001,0.06646803743153505,20,0.0
192.168.236.149,10.262,0,20,0
192.168.247.17,10.48325,0.10372198416922034,21,0.0
23.48.99.69,10.382249999999999,0.1519021066345032,22,0.0
216.113.190.186,67.21600000000001,0.05631459254343995,17,0.0
10.22.67.142,181.522,0,25,0
10.118.1.26,194.823,0,26,0
10.118.2.38,187.212,0,26,0
202.97.61.85,230.423,0,16,0
101.95.218.226,222.683,0,17,0
101.95.209.90,210.2885,4.531847360624577,18,0.0
52.95.62.99,11.0195,0.15344217151748119,18,0.0
15.230.147.33,13.417,2.822770270496698,20,0.0
52.93.238.195,22.074,0,26,0
52.93.238.179,13.696,0,26,0
202.96.12.82,250.973,0,24,0
123.126.0.2,254.432,0,24,0
202.97.12.129,200.701,0,15,0
36.110.245.78,205.667,0,18,0
36.110.203.238,222.37650000000002,12.704587537578709,19,0.0
216.239.47.87,11.208333333333332,0.12427523217976023,19.333333333333332,0.5773502691896257
142.251.60.213,10.383500000000002,0.11808683245815331,19.5,0.7071067811865476
202.96.12.22,226.392,0,24,0
221.216.107.174,221.8955,4.384769150137797,25,0.0
202.106.211.46,231.1115,3.5984664094583394,26,0.0
36.110.245.230,218.2975,0.1477853172679706,17,0.0
101.95.209.250,248.35649999999998,33.84849450861884,18,0.0
101.95.209.70,198.9345,8.257222394162975,18,0.0
116.251.95.225,187.178,0,21,0
110.242.66.170,258.19933333333336,21.49907729027769,23,0.0
108.170.243.219,17.041666666666664,11.199003184807715,20,0.0
52.93.249.153,13.119428571428571,4.089246216486313,17,0.0
52.95.62.31,10.429,0.5901753976573396,18,0.0
150.222.212.45,10.6875,0.1124299782086603,18,0.0
150.222.245.253,11.6155,0.24536605307173165,20,0.0
52.95.63.48,11.105,0,26,0
52.93.28.162,23.089,0,26,0
163.253.1.167,62.37925,0.8598602115072727,19,0.0
163.253.1.163,61.858200000000004,0.5841290097230224,19,0.0
52.95.52.97,68.338,0,23,0
52.95.54.176,59.067,0,23,0
108.166.228.47,64.481,0.23333238095043207,30,0.0
108.166.228.46,66.248,0,30,0
52.95.62.115,10.288333333333334,0.2370323465971122,18,0.0
150.222.212.27,11.591,2.3106402792299803,18,0.0
52.93.28.72,22.6865,0.12940054095713807,24.5,0.7071067811865476
101.95.224.118,237.84,0,17,0
101.95.209.218,198.607,0,18,0
180.163.38.94,200.665,2.643847385913187,19,0.0
140.205.58.1,202.1915,4.053028139551963,21,0.0
116.251.117.185,201.53133333333332,2.545887140729788,21,0.0
154.54.57.78,106.8476,1.7615721103605193,21.2,0.4472135954999579
202.97.94.113,243.618,5.727741177811709,15,0.0
202.97.91.189,222.751,0,15,0
202.97.71.237,222.904,0,16,0
202.97.72.1,223.342,0,16,0
202.97.45.30,241.1985,3.533412585589188,17,0.0
123.161.63.122,248.432,0,18,0
123.161.63.174,234.029,0,18,0
202.97.57.150,193.664,0,16,0
202.97.50.145,196.48133333333334,2.5756215431101994,16,0.0
202.97.90.146,206.83833333333334,0.8704552448766817,17,0.0
61.147.248.18,211.117,0,18,0
54.239.43.217,11.239,0,20,0
150.222.100.46,13.4405,3.3919912293518686,26,0.0
74.125.251.47,11.185500000000001,0.3273904396893709,19,0.0
198.71.47.251,28.8606,21.196867228437316,17,0.0
202.97.92.173,73.66550000000001,0.5352798333582099,13,0.0
202.97.12.49,211.2715,0.043133513652364286,15,0.0
36.110.245.186,215.077,3.952726906832803,17,0.0
36.110.245.178,214.70125000000002,6.151465536764387,17,0.0
36.110.246.150,218.805,3.51997755674664,17,0.0
36.110.246.221,227.005,0,18,0
162.159.128.233,12.303875,0.3354853360644634,19,0.0
202.97.81.118,194.0685,0.3528462838121039,17,0.0
142.251.234.161,11.5335,0.23813511570814835,21,0.0
142.251.234.157,11.497499999999999,0.3217335854398792,21,0.0
219.158.105.54,230.27,0,22,0
157.240.38.135,8.392,0.012727922061358338,14,0.0
173.252.67.119,8.367,0,14,0
63.217.66.250,248.184,3.326212410535445,22,0.0
52.95.62.77,10.776,0,18,0
52.95.63.98,10.611,0,26,0
209.191.65.107,58.9335,0.023334523779156954,19,0.0
66.196.67.29,59.687,0,20,0
66.196.67.123,70.374,0,20,0
98.136.158.209,61.23,0,21,0
98.136.159.244,59.604,0.8669129137347067,22,0.0
98.136.159.245,61.104,0,22,0
104.244.42.193,62.905499999999996,0.30627879456469087,24,0.0
124.236.9.162,228.8698,1.8042275909651688,20,0.0
157.240.38.175,8.437,0,14,0
157.240.38.235,8.34,0,14,0
101.95.219.6,243.3065,0.1887975105768053,17,0.0
101.95.219.10,200.45766666666668,4.652380071891519,17,0.0
101.95.218.54,201.065,4.5976082912749385,17,0.0
101.95.208.2,196.742,0,18,0
116.251.113.210,197.57,0,20,0
116.251.117.189,210.54333333333332,3.378130597436003,21,0.0
173.252.67.121,8.754,0,14,0
125.33.186.10,272.559,0,24,0
125.33.186.66,262.0025,51.46818128222524,23.5,0.7071067811865476
221.219.202.82,296.658,0,25,0
221.219.202.94,294.817,0,25,0
52.95.62.33,10.167,0.10465180361560882,18,0.0
52.95.62.51,11.283,0,18,0
52.93.28.232,22.034,0,25,0
52.93.29.0,20.534,0,25,0
104.44.18.217,61.704,0,20,0
104.44.28.220,119.0975,68.04840605774686,20,0.0
104.44.30.104,62.07233333333333,0.48782100542446505,22,0.0
104.44.33.31,62.15133333333333,0.5358323742863391,23,0.0
142.251.60.14,10.363,0.16687720036002568,19,0.0
62.115.114.99,110.45533333333333,0.142619540503167,21,0.0
62.115.184.238,112.7515,0.9517165194181183,23,0.0
62.115.147.3,110.74125,0.4403160796518767,23,0.0
58.138.88.125,179.209,0.1951614716074945,14,0.0
58.138.84.173,166.28233333333333,0.05542863279328125,14,0.0
192.168.227.17,10.509,0,20,0
10.22.67.102,202.455,0,25,0
202.97.24.177,244.982,0,16,0
220.191.199.118,220.855,0,18,0
220.191.200.178,208.26749999999998,3.448559771846779,18,0.0
115.238.21.113,212.559,0,19,0
52.95.62.125,10.504999999999999,0.21637467504308294,18,0.0
52.95.63.142,13.805499999999999,3.929392383053645,20,0.0
150.222.100.120,13.036999999999999,1.9798989873223323,23,4.242640687119285
52.93.29.6,20.482,0,26,0
202.96.12.14,228.941,0,24,0
61.49.214.2,225.0775,1.612910567886499,24,0.0
202.97.24.173,207.894,0,16,0
202.97.67.221,197.98125,2.7397235109891334,16,0.0
101.95.224.42,202.38,0,17,0
101.95.224.22,200.225,0,17,0
142.251.231.245,11.20375,1.3884433429804282,19.5,0.5773502691896257
123.126.0.230,224.0335,6.033742163864821,23.5,0.7071067811865476
36.110.248.142,222.8025,16.843990634644747,17,0.0
202.97.100.242,204.541,0,17,0
220.191.200.246,205.969,0,18,0
220.191.200.216,234.826,0,18,0
115.236.101.73,200.161,5.58190093068661,19,0.0
140.205.26.97,234.67233333333334,1.0955205764080065,22,0.0
163.253.1.56,61.051,0,16,0
162.252.69.123,59.0655,0.09687362902255733,21,0.0
23.203.145.231,154.0045,0.084145706961199,22,0.0
23.215.176.80,59.16,0.059396969619667214,23,0.0
202.97.12.14,225.489,0,15,0
202.97.66.226,219.579,0,15,0
202.97.66.153,239.773,0,16,0
202.97.54.166,250.533,0,17,0
27.129.17.50,242.869,0,18,0
104.44.236.20,11.2415,0.04171930009000705,19,0.0
52.95.62.109,10.904,0,18,0
52.93.28.98,21.307000000000002,1.3208754672564698,24,0.0
52.95.53.5,68.142,0,23,0
52.95.52.61,58.827,0,23,0
52.93.28.86,22.31,0.008485281374238892,25.5,0.7071067811865476
202.97.24.221,207.734,1.5160369388639616,16,0.0
101.95.218.82,212.11599999999999,4.961061176804812,17,0.0
101.95.209.62,206.91,0,18,0
101.95.208.82,205.367,0,18,0
116.251.88.146,203.764,8.927930219261352,20,0.0
42.120.243.113,210.9345,4.011416769671265,21,0.0
202.97.94.205,212.356,0,16,0
36.110.244.2,216.67,0,17,0
218.30.104.246,214.997,0,18,0
202.97.12.193,193.252,0.8534377540277893,15,0.0
202.97.33.153,200.031,0,15,0
202.97.19.242,196.053,4.563667165777983,17,0.0
61.147.248.86,202.726,0,18,0
61.147.245.86,216.844,0,18,0
61.147.245.134,235.865,0,19,0
203.208.172.133,240.014,0.22203152929257094,21,0.0
203.208.153.121,225.642,0,22,0
203.208.182.77,223.319,0,22,0
52.95.62.47,11.661333333333333,1.9839748822334757,18,0.0
36.110.246.194,214.44,0,17,0
202.97.94.189,216.485,0,16,0
202.97.50.153,230.49099999999999,3.423811034505272,16,0.0
202.97.100.190,191.639,0,17,0
142.251.231.250,10.416,0.11030865786510183,19,0.0
142.251.60.210,10.34775,0.1498919054963721,19,0.0
142.251.234.71,10.76,0,21,0
62.115.134.6,48.248999999999995,3.4803795770001895,19,0.0
221.183.89.170,248.68685714285715,4.360193322494297,22.285714285714285,0.7559289460184544
223.120.12.138,248.4335,1.4484754053831914,21.5,1.0
221.183.89.50,248.068,5.629502553512162,25,1.4142135623730951
221.183.89.14,247.762,4.950164037686028,25.333333333333332,1.1547005383792515
221.183.37.133,277.522625,3.310430482904427,25.75,1.3887301496588271
221.183.49.122,273.65,0,26,0
221.183.49.138,280.277,5.689522885679156,27.75,1.2583057392117916
39.156.27.5,276.4772,1.8966310131388198,27.2,0.4472135954999579
157.240.38.229,8.401,0,14,0
157.240.38.221,8.345,0,14,0
52.95.62.147,11.43375,0.5649527266358961,18,0.0
150.222.212.51,10.581,0.37335238046649744,18,0.0
52.93.238.189,14.8775,4.879743896968365,23,4.242640687119285
52.93.238.157,10.745,0,26,0
209.191.64.63,22.247500000000002,0.07000357133746835,18,0.0
74.6.122.41,22.6,0,20,0
74.6.227.147,26.378,0,20,0
74.6.123.243,23.189,0,21,0
74.6.143.26,23.278,0.8386286424872453,23,0.0
202.97.99.30,225.34233333333333,2.168169811922791,17,0.0
173.252.67.11,8.482,0,14,0
157.240.38.117,23.107,20.889348529812985,14,0.0
202.97.94.105,225.84766666666667,17.691963213090098,15,0.0
202.97.94.137,240.4615,7.091573908519883,16,0.0
202.97.90.165,246.008,0,16,0
121.14.60.50,251.041,0,19,0
202.97.59.154,190.58525,0.23858943117134282,14,0.0
202.97.24.233,202.21466666666666,0.6819335255971353,16,0.0
202.97.23.226,198.739,0,17,0
202.97.101.178,215.0895,2.8715606383985746,17,0.0
220.191.200.250,207.579,0,18,0
122.224.214.66,194.133,0,19,0
157.240.38.191,8.342,0,14,0
202.97.90.54,191.0195,3.3142094834213567,15,0.0
93.158.160.117,144.571,0,28,0
5.255.255.70,163.52100000000002,0.8499423509862489,29,0.0
202.97.41.49,207.19733333333335,0.2205092590648532,14,0.0
202.97.12.65,205.511,0,15,0
36.110.246.237,209.906,0,18,0
52.93.28.186,20.586,0,25,0
104.44.17.142,60.986999999999995,1.8681761158948607,22,0.0
104.44.32.213,58.371,0.7240773439350253,23,0.0
104.44.32.233,61.447,0,23,0
58.138.84.217,197.124,0,14,0
58.138.106.166,179.135,0,15,0
124.83.228.54,165.982,0.014142135623718088,17,0.0
124.83.228.58,174.663,12.31072906045779,17,0.0
124.83.228.222,178.95999999999998,8.10202949883546,18,0.0
124.83.228.226,177.925,8.56164890660672,18,0.0
192.168.229.151,10.458,0,20,0
104.19.136.100,13.657166666666667,2.711442451291686,19,0.0
149.11.173.122,99.1096,7.886802571384679,22.4,0.5477225575051661
216.113.190.121,79.679,0.15414927829866984,17,0.0
1.255.24.139,179.611,0,23,0
61.253.192.7,179.317,0,23,0
10.22.80.66,198.44,0,25,0
10.22.80.54,182.523,0,25,0
10.22.80.214,195.64999999999998,0.15556349186103965,26,0.0
10.22.80.210,182.374,0,26,0
101.95.218.50,200.4015,5.897977661876999,17,0.0
116.251.113.214,212.922,0,20,0
116.251.117.181,232.139,0,21,0
54.239.46.171,11.011,0,20,0
150.222.249.25,12.52,2.8857392467095844,20,0.0
52.93.28.78,22.656,1.0182337649086295,25.5,0.7071067811865476
124.65.194.174,223.323,0,24,0
125.33.186.234,223.297,0,24,0
202.97.52.9,207.07933333333332,0.13177354312102205,14,0.0
202.97.53.25,212.857,0,16,0
36.110.244.30,210.722,0,17,0
36.110.247.58,213.395,0,17,0
36.110.245.74,214.9325,0.41790010768125535,18,0.0
142.251.60.205,10.526,0,19,0
125.33.186.34,218.336,0,24,0
125.33.186.50,216.909,0,24,0
202.97.94.238,208.30466666666666,0.5706499218727056,16,0.0
202.97.101.198,204.639,0,17,0
202.97.102.22,229.052,0,17,0
220.191.200.162,232.33,0,18,0
115.236.101.213,217.386,4.798426617131913,19,0.0
115.236.101.77,212.9455,2.8927738418341717,19,0.0
192.168.224.15,34.56575,19.272819727533385,19,0.0
192.168.228.145,15.386,0,20,0
192.168.228.147,74.974,0,20,0
192.168.238.27,11.193,0.09568002229654089,21,0.0
23.220.206.21,11.605,0.747420898824752,22,0.0
223.120.12.26,240.09633333333335,0.33398253447348997,21,0.0
221.183.89.33,250.16233333333332,1.6903634717618206,23.833333333333332,1.3291601358251257
221.183.49.126,274.705,0,26,0
104.44.233.96,12.193999999999999,0.9871210665364196,19,0.0
142.251.60.212,12.583,0,19,0
172.217.1.99,10.326333333333332,0.1318236195325654,21,0.0
150.222.212.21,10.566500000000001,0.6979143930311225,18,0.0
52.93.28.90,20.8395,1.3173399333505378,24.5,0.7071067811865476
52.95.52.202,58.817,0,23,0
52.95.52.234,58.954,0,23,0
52.93.249.165,10.945,0.6788225099390862,17,0.0
101.95.218.34,215.3105,29.50544465857107,17,0.0
202.97.54.37,215.594,0,15,0
36.110.245.158,210.912,0,18,0
202.97.74.142,194.10566666666668,5.912327911519567,17,0.0
61.147.248.90,201.421,0,18,0
52.93.249.51,11.146666666666667,0.4105902255696469,17,0.0
150.222.212.29,11.3195,1.7397866727465945,18,0.0
52.95.63.92,10.362,0,20,0
142.251.60.7,10.382,0,19,0
209.85.255.145,11.007,0,19,0
36.110.248.134,210.841,1.7253405460951743,17,0.0
36.110.246.126,208.729,0,17,0
36.110.245.157,209.66,0,18,0
202.97.94.233,231.076,0,16,0
36.110.247.34,216.254,0,17,0
220.181.182.186,213.37133333333333,2.1304779588940472,19.666666666666668,0.5773502691896257
202.97.74.2,220.029,5.582078107658464,15,0.0
202.97.29.118,195.198,0,17,0
202.97.29.110,202.643,0,17,0
142.250.190.46,32.231,0,21,0
172.217.4.46,22.682,17.210979054080564,22,0.0
72.14.232.108,10.936,0,22,0
173.252.67.173,8.567,0,14,0
173.252.67.131,12.123,0,14,0
150.222.100.154,11.435,0.3662813126546321,23,4.242640687119285
209.191.65.101,58.801,0,19,0
66.196.67.99,58.818,0,20,0
98.136.158.203,61.478,0.3493107499061543,21,0.0
98.137.11.163,59.991,0.9439887004973444,24,0.0
173.252.67.175,8.2355,0.0756604255869601,14,0.0
202.97.91.138,223.8515,16.189209755266013,15,0.0
202.97.91.29,237.057,0,16,0
116.251.106.82,204.886,0,21,0
173.252.67.113,8.352,0,14,0
173.252.67.71,8.577,0,14,0
77.88.55.88,155.384,0,30,0
219.158.4.109,228.5935,3.1148334893966,20,0.0
221.219.202.54,228.07299999999998,4.070106632509768,24,0.0
104.44.19.86,59.213,0,21,0
104.44.18.223,60.896,2.4480036764678297,22,0.0
104.44.30.106,61.801,0,22,0
142.251.234.69,10.937,0,21,0
58.138.106.186,187.59,0,15,0
58.138.106.162,175.05,0.07495331880577018,15,0.0
163.253.2.10,31.908,0.6293250352560277,16,0.0
163.253.2.71,32.683499999999995,0.07848885271170472,17,0.0
162.252.69.117,30.5245,0.4532554467405757,18,0.0
23.207.230.211,30.865000000000002,0.04808326112068622,19,0.0
192.168.225.151,30.2405,0.0473761543394988,20,0.0
192.168.232.143,29.884,0,21,0
192.168.238.141,29.98,0,21,0
192.168.244.129,30.325499999999998,0.08555992052357131,22,0.0
23.47.52.22,30.099,0.09192388155425299,23,0.0
216.113.190.25,73.6015,0.49568185361176514,17,0.0
10.22.67.82,191.784,0,25,0
10.22.67.118,186.35899999999998,7.26905771059771,25,0.0
10.118.1.50,192.097,0,26,0
10.118.1.106,202.381,0,26,0
101.95.218.198,209.8795,4.533261574186957,17,0.0
101.95.208.42,204.823,0,18,0
150.222.212.31,10.788,0,18,0
150.222.100.40,12.088,0,26,0
101.95.219.66,213.535,0,17,0
101.95.207.46,198.369,0,17,0
101.95.247.118,205.982,0,18,0
142.251.61.41,10.372666666666667,0.21840634911406173,19,0.0
61.149.203.118,222.058,0,24,0
125.33.186.42,216.122,0,24,0
221.216.106.118,219.683,0,25,0
202.97.54.73,209.996,0,15,0
202.97.12.61,209.9155,0.8039804102091048,15,0.0
202.97.39.186,194.261,0,15,0
202.97.24.225,199.563,0,16,0
101.95.208.6,195.344,0,18,0
116.251.95.233,215.201,0,21,0
142.251.231.247,10.386,0.16288953311984136,20,0.0
150.222.100.106,11.608,0,20,0
150.222.100.60,15.174,0,26,0
150.222.100.110,12.095,0,26,0
52.95.54.202,59.042,0,23,0
52.95.53.151,58.733,0,23,0
52.93.28.132,22.565,0,25,0
52.93.28.106,19.997,0,25,0
101.95.218.90,208.819,0,17,0
42.120.243.117,201.86,4.782870267945794,21,0.0
202.97.94.141,214.80349999999999,0.34436100243784495,16,0.0
123.161.63.118,236.723,0,18,0
123.161.63.190,235.05,0,18,0
202.97.57.154,193.491,0,16,0
202.97.19.254,192.829,0,17,0
121.226.197.66,213.781,0,18,0
121.226.197.234,217.365,0,19,0
203.208.172.153,237.089,0,21,0
203.208.182.41,223.178,0,22,0
52.95.62.29,10.472666666666667,0.6027274121303365,18,0.0
54.239.43.219,10.773,0,20,0
52.95.63.144,10.81,0,26,0
142.251.60.215,11.617,0,19,0
36.110.247.50,216.516,1.8766613972690944,17,0.0
36.110.245.138,214.05349999999999,3.9619192949882116,17,0.0
202.97.84.213,215.669,0,15,0
36.110.251.62,213.989,0,18,0
220.181.182.82,217.49,0,19,0
202.97.71.6,219.731,0,17,0
202.97.74.122,191.445,0,17,0
216.239.57.77,11.472,0,21,0
142.251.234.31,11.209666666666667,0.22328755749779994,21,0.0
142.251.234.72,10.8595,0.27223611075682064,22,0.0
110.242.66.178,237.492,0,23,0
173.252.67.127,8.298,0,14,0
202.97.53.73,209.497,0,15,0
42.81.32.238,214.618,0,17,0
42.81.32.222,215.035,0,17,0
52.95.62.81,13.9,0,18,0
52.95.63.50,11.176,0,20,0
52.93.28.202,22.617,0,26,0
15.230.147.51,11.097,0,26,0
209.191.65.103,95.731,0,19,0
66.196.67.113,62.007,0,20,0
98.136.159.240,58.473,0,22,0
157.240.38.131,8.4765,0.12515790027001863,14,0.0
173.252.67.7,8.385,0,14,0
101.95.224.146,194.596,0,17,0
101.95.224.30,203.687,0,17,0
101.95.246.182,204.0485,0.04596194077712398,18,0.0
180.163.107.178,204.56933333333333,0.5549795792038985,19,0.0
180.163.107.162,206.364,0,19,0
202.97.12.209,193.29,0,15,0
101.95.218.234,205.386,0,17,0
116.251.113.206,196.338,0,20,0
173.252.67.159,8.399,0,14,0
173.252.67.81,9.597,0,14,0
202.97.33.125,192.7505,1.8137288937434928,15,0.0
87.250.239.183,172.362,0,28,0
87.250.239.77,182.465,0,28,0
52.46.165.141,11.253,1.9021172413918137,14,1.4142135623730951
52.85.132.4,8.158,0,20,0
221.219.202.86,228.386,0,24,0
52.95.62.113,13.89,0,18,0
52.93.28.178,20.873,0,25,0
104.44.17.216,100.372,0,21,0
104.44.17.200,100.323,0,21,0
104.44.7.102,106.736,0.6279108216936579,22,0.0
104.44.18.155,100.582,0,23,0
104.44.18.153,100.407,0,23,0
104.44.31.1,100.307,0,24,0
104.44.31.3,100.514,0,24,0
104.44.23.205,101.16499999999999,0.07919595949289968,25,0.0
142.251.60.2,10.3335,0.27223611075682064,19,0.0
209.85.249.136,11.481,0,21,0
23.56.99.144,10.4025,0.07936434967918561,19,0.0
10.22.80.25,196.9515,0.14778531726799068,25,0.0
202.97.39.174,206.919,0,15,0
202.97.24.213,230.091,0,16,0
52.95.63.146,27.97,0,20,0
52.95.63.80,10.428,0,26,0
15.230.147.7,11.497,0,26,0
125.33.186.174,224.119,0,24,0
101.95.224.10,239.795,0,17,0
101.95.224.50,199.296,0,17,0
61.49.214.6,217.769,0,24,0
104.18.100.40,11.371500000000001,0.4509682176532323,20,0.0
202.97.101.226,200.497,0,17,0
202.97.100.250,204.244,0,17,0
116.251.106.110,213.437,0,22,0
140.205.26.105,218.782,0,22,0
219.158.17.198,227.614,0,22,0
108.170.243.197,10.74,0,20,0
150.222.212.9,10.208,0,18,0
52.93.29.46,19.935,0,24,0
52.95.53.137,58.462,0,23,0
52.95.52.95,63.546,0,23,0
52.93.28.124,20.188,0,25,0
52.93.28.116,19.312,0,25,0
202.97.24.217,205.989,0,16,0
202.97.12.22,213.704,0,15,0
202.97.91.221,214.771,0,16,0
123.161.56.38,232.347,0,18,0
123.161.56.130,229.214,0,18,0
202.97.66.58,199.33,0,17,0
61.147.249.206,231.001,0,18,0
121.226.195.126,203.148,0,18,0
15.230.147.23,11.459,0,26,0
163.253.1.106,11.164,0.23617366491630662,10,0.0
202.97.53.17,208.619,0,16,0
36.110.245.42,211.745,0,17,0
119.38.212.81,219.854,0,20,0
202.97.12.161,215.784,0,15,0
36.110.246.209,213.752,0,18,0
36.110.245.73,211.887,0,18,0
220.181.182.90,216.345,0,19,0
142.251.60.4,12.417,0,19,0
221.183.49.142,274.01,2.211830011551511,27.5,2.1213203435596424
157.240.38.81,8.376,0,14,0
202.97.51.242,219.115,0.24607315985290776,15,0.0
101.95.224.150,202.251,0,17,0
101.95.224.110,219.064,0,17,0
52.93.28.206,22.193,0,26,0
74.6.227.133,29.499,0,19,0
74.6.122.57,31.718,0,20,0
74.6.123.237,25.518,0,21,0
202.97.99.38,221.459,0,17,0
202.97.99.42,222.622,0,17,0
173.252.67.79,11.285,0,14,0
202.97.102.6,220.355,0,17,0
202.97.101.202,201.445,0,17,0
220.191.200.226,198.757,0,18,0
220.191.200.58,196.289,0,18,0
42.120.247.109,197.688,0,20,0
42.120.247.197,205.056,0,21,0
157.240.38.119,8.333,0,14,0
173.252.67.181,8.254,0,14,0
93.158.160.151,145.514,5.771405548044605,28.5,0.7071067811865476
62.115.138.74,42.939,0,19,0
62.115.139.189,43.912,0,20,0
62.115.123.137,70.818,0,21,0
62.115.171.217,71.4885,0.41790010768125535,22,0.0
223.120.6.217,71.09100000000001,0.17394826817188724,23,0.0
221.183.89.178,242.685,0,25,0
221.183.89.182,247.53,0,25,0
104.244.42.5,63.02,0.16404877323527856,24,0.0
52.93.28.250,19.403,0,25,0
52.93.28.248,23.138,0,25,0
58.138.84.169,174.693,0,14,0
10.22.69.62,191.85,0,25,0
10.118.2.110,200.723,0,26,0
10.118.1.142,183.79,0,26,0
180.163.53.70,217.833,0,19,0
150.222.100.124,16.745,0,20,0
125.33.186.38,229.247,0,24,0
61.149.203.186,227.433,0,24,0
36.110.246.66,210.998,0,18,0
124.65.194.166,233.755,0,24,0
202.96.12.90,235.107,0,24,0
221.216.106.122,231.652,0,25,0
221.216.107.122,231.308,0,25,0
36.110.245.194,211.273,0,17,0
36.110.249.70,211.495,6.438914349484698,18,0.0
202.97.24.161,208.461,0,16,0
202.97.101.2,213.64,0,17,0
220.191.199.126,202.32,0,18,0
122.224.214.74,243.844,0,19,0
140.205.27.9,204.358,0,21,0
42.120.247.150,203.399,0,21,0
116.251.106.114,236.79450000000003,5.395931847234545,22,0.0
52.93.29.42,22.484,0,24,0
52.95.53.131,59.349,0,23,0
108.166.232.45,64.29,0,30,0
202.97.62.225,207.067,0,16,0
101.95.208.34,207.242,0,18,0
123.161.63.10,228.146,0,18,0
123.161.56.54,237.112,0,18,0
202.97.62.73,202.906,0,16,0
202.97.66.54,200.729,0,17,0
202.97.66.202,194.377,3.1862231560265832,17,0.0
61.147.249.26,202.126,0,18,0
150.222.212.13,15.481,0,18,0
150.222.245.245,17.066,0,20,0
15.230.147.25,11.648,0,20,0
52.95.63.130,10.767,0,26,0
15.230.147.9,11.174,0,26,0
202.97.27.153,208.671,0,15,0
36.110.245.214,211.712,0,17,0
36.110.251.97,209.001,3.9498984797080636,18,0.0
202.97.55.201,224.999,0,15,0
202.97.62.97,197.159,0,16,0
202.97.72.198,186.822,0,17,0
142.251.234.37,11.144,0,22,0
221.183.53.182,278.048,0,28,0
173.252.67.115,8.289,0,14,0
157.240.38.169,8.537,0,14,0
101.95.219.78,202.7825,2.1375837995269507,17,0.0
101.95.224.6,191.125,0,17,0
15.230.147.43,11.491,0,26,0
209.191.64.216,22.367,0,18,0
209.191.64.212,24.454,0,18,0
209.191.65.113,22.377,0,19,0
216.115.105.29,26.191,0,19,0
98.138.97.75,23.6625,1.532300394831247,20,0.0
98.138.51.4,22.664,3.029245450603171,21,0.0
98.138.97.157,24.327,0,22,0
98.138.97.156,24.464,0,22,0
74.6.231.21,24.6525,0.06858935777509603,23,0.0
202.97.99.54,223.299,0,17,0
124.236.2.10,224.303,0,19,0
157.240.38.223,8.368,0,14,0
101.95.207.38,193.658,0,17,0
101.95.246.210,226.276,0,18,0
101.89.241.70,195.009,0,18,0
202.97.57.234,207.871,0,16,0
101.95.218.246,204.188,0,17,0
116.251.88.138,195.971,0,20,0
157.240.38.125,8.375,0,14,0
5.255.255.80,152.854,0,29,0
202.97.27.157,204.606,0,15,0
36.110.247.46,206.979,0,17,0
52.93.28.230,23.8855,6.356182856085876,25,0.0
104.44.18.150,59.085,0,21,0
104.44.33.43,61.7225,1.4460333675264858,23,0.0
142.251.60.208,12.667,0,19,0
58.138.88.121,187.707,0,14,0
58.138.81.70,178.443,0,15,0
58.138.81.78,170.445,0,15,0
10.22.67.6,191.619,0,25,0
10.118.2.130,181.5,0,26,0
10.118.1.78,202.703,0,26,0
150.222.212.57,12.562,0,18,0
202.96.12.62,227.388,0,24,0
202.96.12.6,222.558,0,24,0
36.110.246.146,209.02,0,17,0
36.110.245.162,212.05,0,18,0
36.110.246.70,214.967,0,18,0
36.110.203.86,212.973,0,19,0
123.126.0.26,221.718,0,24,0
202.96.12.178,216.043,0,24,0
104.44.32.35,22.786,0,22,0
